{
  "二级专科": [
    {
      "心血管内科": 0.0969,
      "呼吸内科": 0.0747,
      "消化内科": 0.0249,
      "神经内科": 0.0421,
      "肾内科": 0.3415,
      "内分泌科": 0.2215,
      "血液科": 6.12,
      "感染科": 0.132075471698113,
      "普通外科": 0.3717,
      "胃肠外科": 0.5116,
      "乳腺外科": 0.5038,
      "骨科": 0.4223,
      "泌尿外科": 0.549267643142477,
      "神经外科": 0.380082417582418,
      "妇科": 0.72836702248467,
      "产科": 0.0464452516865594,
      "儿科": 0,
      "儿外科": 0.481037924151697,
      "新生儿科": 0,
      "眼科": 0.5503314001657,
      "口腔科": 0.360714285714286,
      "急诊科": 0.0903908794788274,
      "重症医学科": 0.393333333333333,
      "肿瘤内科": 0.0617283950617284,
      "老年内科": 0.125
    },
    {
      "心血管内科": 0.106070791804285,
      "呼吸内科": 0.0377,
      "消化内科": 0.0228571428571429,
      "神经内科": 0.0325837540156035,
      "肾内科": 0.317073170731707,
      "内分泌科": 0.211627906976744,
      "血液科": 0.0344827586206897,
      "感染科": 0.130434782608696,
      "普通外科": 0.3372,
      "胃肠外科": 0.4338,
      "乳腺外科": 0.4836,
      "骨科": 0.420699065812953,
      "泌尿外科": 0.443210219383505,
      "神经外科": 0.34839446630283,
      "妇科": 0.676269797924631,
      "产科": 0.0536035299885602,
      "儿科": 0.0055,
      "儿外科": 0.391880341880342,
      "新生儿科": 0.0336,
      "眼科": 0.587462082912032,
      "口腔科": 0.495038979447201,
      "急诊科": 0.096260938743039,
      "重症医学科": 0.194285714285714,
      "肿瘤内科": 0.0224,
      "老年内科": 0.136904761904762
    },
    {
      "心血管内科": 0.2296,
      "呼吸内科": 0.0996,
      "消化内科": 0.0388,
      "神经内科": 0.2551,
      "肾内科": 0.0627,
      "内分泌科": 0.1392,
      "血液科": 0.0408,
      "感染科": 0.0566037735849057,
      "普通外科": 0.1642,
      "胃肠外科": 0.1041,
      "乳腺外科": 0.0643,
      "骨科": 0.263,
      "泌尿外科": 0.119840213049268,
      "神经外科": 0.134203296703297,
      "妇科": 0.115262321144674,
      "产科": 0.00103788271925272,
      "儿科": 0,
      "儿外科": 0.0164670658682635,
      "新生儿科": 0,
      "眼科": 0.0428748964374482,
      "口腔科": 0.2125,
      "急诊科": 0.0496742671009772,
      "重症医学科": 0.16,
      "肿瘤内科": 0.234567901234568,
      "老年内科": 0.163461538461538
    },
    {
      "心血管内科": 0.223891503229766,
      "呼吸内科": 0.0583,
      "消化内科": 0.0408163265306122,
      "神经内科": 0.261128958237724,
      "肾内科": 0.0747967479674797,
      "内分泌科": 0.162790697674419,
      "血液科": 0.0379310344827586,
      "感染科": 0.217391304347826,
      "普通外科": 0.1868,
      "胃肠外科": 0.1621,
      "乳腺外科": 0.073,
      "骨科": 0.314999475175816,
      "泌尿外科": 0.18328242154957,
      "神经外科": 0.182129711892372,
      "妇科": 0.157154560349536,
      "产科": 0.0022879555482922,
      "儿科": 0,
      "儿外科": 0.0572649572649573,
      "新生儿科": 0,
      "眼科": 0.0596562184024267,
      "口腔科": 0.125088589652729,
      "急诊科": 0.0596658711217184,
      "重症医学科": 0.177142857142857,
      "肿瘤内科": 0.1567,
      "老年内科": 0.160714285714286
    }
  ]
}