{
  "三级专科": [
    {
      "心血管内一科": 0.0961736,
      "心血管内二科": 0.105682694780149,
      "心血管内三科": 0.0907302142544819,
      "心血管内四科": 0.077892967217708,
      "心血管内五科": 0.1029250956807,
      "心血管内六科": 0.0915388421573479,
      "呼吸与危重症医学科一科": 0.11340206185567,
      "呼吸与危重症医学科二科": 0.0543478260869565,
      "消化内一科": 0.0232558139534884,
      "消化内二科": 0.0273972602739726,
      "神经内一科": 0.0157894736842105,
      "神经内二科": 0.0267857142857143,
      "神经内三科": 0.00342465753424658,
      "神经内四科": 0.00898203592814371,
      "神经内五科": 0.0507936507936508,
      "神经内六科": 0.0367647058823529,
      "神经血管介入科": 0.0722513089005236,
      "康复医学科": "——",
      "肾内一科": 0.50381679389313,
      "肾内二科": 0.293453724604966,
      "内分泌一科": 0.310810810810811,
      "内分泌二科": 0.162162162162162,
      "内分泌三科": 0.183333333333333,
      "内分泌四科": 0.270833333333333,
      "血液一科": 0.05,
      "血液二科": 0.111111111111111,
      "感染科": 0.1321,
      "放疗一科": 0.166666666666667,
      "放疗二科": 0.1,
      "肿瘤内科": 0.0617283950617284,
      "老年内科": 0.125,
      "肝胆胰外一科": 0.481828400149869,
      "肝胆胰外二科": 0.364570976670621,
      "胃肠疝外科": 0.524722502522704,
      "胃肠外一科": 0.4375,
      "结直肠肛门外科": 0.173197871311079,
      "甲状腺乳腺外一科": 0.494334277620397,
      "甲状腺乳腺外二科": 0.54868154158215,
      "甲状腺乳腺外三科": 0.473330129745315,
      "甲状腺乳腺外四科": 0.495827538247566,
      "骨一科": 0.439577039274924,
      "骨二科": 0.423240938166311,
      "骨三科": 0.437086092715232,
      "骨四科": 0.417543859649123,
      "运动医学科": 0.356423173803526,
      "心胸外科": 0.281305114638448,
      "胸外科": 0.156534954407295,
      "泌尿外一科": 0.55202492211838,
      "泌尿外二科": 0.546104360257327,
      "烧伤整形外科": 0.092896174863388,
      "疼痛科": 0.670697674418605,
      "神经外一科": 0.389873417721519,
      "神经外二科": 0.379358437935844,
      "神经外三科": 0.422952586206897,
      "神经外四科": 0.342105263157895,
      "神经外五科": 0.355324074074074,
      "妇一科": 0.765944764553944,
      "妇二科": 0.678240127219719,
      "妇三科": 0.891666666666667,
      "产一科": 0.0209111277072442,
      "产二科": 0.0659284058717487,
      "产三科": 0.0366642703091301,
      "产六科": 0.0210045662100457,
      "儿内一科": 0,
      "儿内二科": 0,
      "儿内三科": 0,
      "儿内四科": 0,
      "儿内五科": 0,
      "儿外科": 0.481037924151697,
      "新生儿科": 0,
      "儿童院区新生儿科": 0,
      "眼一科": 0.490574506283663,
      "眼二科": 0.617304492512479,
      "小儿眼科": 0.565872020075282,
      "耳鼻喉科": 0.413327526132404,
      "口腔颌面外科": 0.360714285714286,
      "急诊医学部": 0.0872,
      "西院区急诊科": 0.0993788819875776,
      "重症医学科": 0.393333333333333,
      "项目名": "2019年三级"
    },
    {
      "心血管内一科": 0.11368555060471,
      "心血管内二科": 0.0844641724793913,
      "心血管内三科": 0.111557551406287,
      "心血管内四科": 0.0932568149210904,
      "心血管内五科": 0.123891594854502,
      "心血管内六科": 0.105211885046274,
      "呼吸与危重症医学科一科": 0.0450819672131148,
      "呼吸与危重症医学科二科": 0.0324483775811209,
      "消化内一科": 0.0209895052473763,
      "消化内二科": 0.025089605734767,
      "神经内一科": 0.0113636363636364,
      "神经内二科": 0.0128617363344051,
      "神经内三科": 0.00641025641025641,
      "神经内四科": 0.00595238095238095,
      "神经内五科": 0.04,
      "神经内六科": 0.0481481481481481,
      "神经血管介入科": 0.0540315876974231,
      "康复医学科": "——",
      "肾内一科": 0.50314465408805,
      "肾内二科": 0.25219298245614,
      "内分泌一科": 0.291666666666667,
      "内分泌二科": 0.213235294117647,
      "内分泌三科": 0.214285714285714,
      "内分泌四科": 0.154545454545455,
      "血液一科": 0.0458015267175573,
      "血液二科": 0.0251572327044025,
      "感染科": "13.64%%",
      "放疗一科": 0.259259259259259,
      "放疗二科": 0.0169491525423729,
      "肿瘤内科": 0.0224,
      "老年内科": 0.136904761904762,
      "肝胆胰外一科": 0.405204460966543,
      "肝胆胰外二科": 0.29303775545549,
      "胃肠疝外科": 0.455450022614202,
      "胃肠外一科": 0.389908256880734,
      "结直肠肛门外科": 0.185034566897113,
      "甲状腺乳腺外一科": 0.488620199146515,
      "甲状腺乳腺外二科": 0.510223953261928,
      "甲状腺乳腺外三科": 0.458333333333333,
      "甲状腺乳腺外四科": 0.475268817204301,
      "骨一科": 0.444094488188976,
      "骨二科": 0.422133485453508,
      "骨三科": 0.428721174004193,
      "骨四科": 0.408089707649179,
      "运动医学科": 0.374564459930314,
      "心胸外科": 0.228801169590643,
      "胸外科": 0.094124358243012,
      "泌尿外一科": 0.427845528455285,
      "泌尿外二科": 0.461726883037355,
      "烧伤整形外科": 0.0901033973412112,
      "疼痛科": 0.575289575289575,
      "神经外一科": 0.319018404907975,
      "神经外二科": 0.307162534435262,
      "神经外三科": 0.350312349831812,
      "神经外四科": 0.306873977086743,
      "神经外五科": 0.367032967032967,
      "妇一科": 0.704616256018125,
      "妇二科": 0.649881360400738,
      "妇三科": 0.615892291446674,
      "产一科": 0.0213903743315508,
      "产二科": 0.0732162868883078,
      "产三科": 0.06490727532097,
      "产六科": 0.0190045248868778,
      "儿内一科": 0.00925925925925926,
      "儿内二科": 0,
      "儿内三科": 0,
      "儿内四科": 0,
      "儿内五科": 0,
      "儿外科": 0.391880341880342,
      "新生儿科": 0.00833333333333333,
      "儿童院区新生儿科": 0.137931034482759,
      "眼一科": 0.513222331047992,
      "眼二科": 0.674407353652637,
      "小儿眼科": 0.646766169154229,
      "耳鼻喉科": 0.449717285945073,
      "口腔颌面外科": 0.495038979447201,
      "急诊医学部": 0.0827,
      "西院区急诊科": 0.144404332129964,
      "重症医学科": 0.194285714285714,
      "项目名": "2020年三级"
    },
    {
      "心血管内一科": 0.222650231124807,
      "心血管内二科": 0.239650295705837,
      "心血管内三科": 0.221687800612156,
      "心血管内四科": 0.227794900532362,
      "心血管内五科": 0.237971569163477,
      "心血管内六科": 0.208312716476992,
      "呼吸与危重症医学科一科": 0.164948453608247,
      "呼吸与危重症医学科二科": 0.0652173913043478,
      "消化内一科": 0.0457364341085271,
      "消化内二科": 0.0285388127853881,
      "神经内一科": 0.389473684210526,
      "神经内二科": 0.138392857142857,
      "神经内三科": 0.246575342465753,
      "神经内四科": 0.119760479041916,
      "神经内五科": 0.20952380952381,
      "神经内六科": 0.242647058823529,
      "神经血管介入科": 0.322513089005236,
      "康复医学科": "——",
      "肾内一科": 0.122137404580153,
      "肾内二科": 0.0428893905191874,
      "内分泌一科": 0.175675675675676,
      "内分泌二科": 0.0810810810810811,
      "内分泌三科": 0.133333333333333,
      "内分泌四科": 0.1875,
      "血液一科": 0.025,
      "血液二科": 0.111111111111111,
      "感染科": 0.0567,
      "放疗一科": 0.133333333333333,
      "放疗二科": 0.05,
      "肿瘤内科": 0.234567901234568,
      "老年内科": 0.163461538461538,
      "肝胆胰外一科": 0.230798051704758,
      "肝胆胰外二科": 0.176749703440095,
      "胃肠疝外科": 0.101917255297679,
      "胃肠外一科": 0.116477272727273,
      "结直肠肛门外科": 0.130624092888244,
      "甲状腺乳腺外一科": 0.0864022662889518,
      "甲状腺乳腺外二科": 0.0441176470588235,
      "甲状腺乳腺外三科": 0.0523786641037963,
      "甲状腺乳腺外四科": 0.0876216968011127,
      "骨一科": 0.260574018126888,
      "骨二科": 0.234008528784648,
      "骨三科": 0.229895931882687,
      "骨四科": 0.213157894736842,
      "运动医学科": 0.526448362720403,
      "心胸外科": 0.416225749559083,
      "胸外科": 0.737082066869301,
      "泌尿外一科": 0.105919003115265,
      "泌尿外二科": 0.135811293781272,
      "烧伤整形外科": 0.00910746812386157,
      "疼痛科": 0.0353488372093023,
      "神经外一科": 0.117721518987342,
      "神经外二科": 0.153417015341702,
      "神经外三科": 0.142780172413793,
      "神经外四科": 0.187840290381125,
      "神经外五科": 0.0856481481481482,
      "妇一科": 0.0945757997218359,
      "妇二科": 0.142857142857143,
      "妇三科": 0.0583333333333333,
      "产一科": 0.000746825989544436,
      "产二科": 0.000257532835436518,
      "产三科": 0.00431344356578001,
      "产六科": 0,
      "儿内一科": 0,
      "儿内二科": 0,
      "儿内三科": 0,
      "儿内四科": 0,
      "儿内五科": 0,
      "儿外科": 0.0164670658682635,
      "新生儿科": 0,
      "儿童院区新生儿科": 0,
      "眼一科": 0.0484739676840215,
      "眼二科": 0.0510260676650028,
      "小儿眼科": 0.00878293601003764,
      "耳鼻喉科": 0.150696864111498,
      "口腔颌面外科": 0.2125,
      "急诊医学部": 0.0453,
      "西院区急诊科": 0.0621118,
      "重症医学科": 0.16,
      "项目名": "2019年三级"
    },
    {
      "心血管内一科": 0.205346912794398,
      "心血管内二科": 0.275459733671528,
      "心血管内三科": 0.202079886551643,
      "心血管内四科": 0.220946915351506,
      "心血管内五科": 0.214687148744848,
      "心血管内六科": 0.18363370677058,
      "呼吸与危重症医学科一科": 0.0737704918032787,
      "呼吸与危重症医学科二科": 0.0471976401179941,
      "消化内一科": 0.0524737631184408,